customer_id,customer_name,email,gender,created_ts
1,Cale,chenker0@whitehouse.gov,Male,2025-11-10T13:51:06Z
2,Stephani,ssetchfield1@mayoclinic.com,Female,2025-11-02T00:24:45Z
3,Lukas,lruf2@wp.com,Male,2025-10-14T10:25:21Z
4,Iosep,iburnup3@ca.gov,Male,2025-09-12T19:15:20Z
5,Nevile,njannings4@usatoday.com,Male,2025-07-29T03:18:54Z
6,Meggy,manstee5@ox.ac.uk,Female,2025-10-20T21:19:14Z
7,Michaelina,mvize6@blogs.com,Female,2025-09-20T02:56:18Z
8,Rich,rilliston7@china.com.cn,Male,2025-10-13T18:46:59Z
9,Kai,kcoenraets8@altervista.org,Polygender,2025-09-22T04:21:37Z
10,Kelby,kburgum9@t-online.de,Male,2025-09-15T05:54:18Z
11,Wynne,wpetcha@google.com.hk,Female,2025-10-16T03:39:34Z
12,Michele,mricsonb@jalbum.net,Female,2025-10-04T17:03:44Z
13,Jenni,jshailerc@cloudflare.com,Female,2025-11-06T02:59:34Z
14,Viv,vadicotd@rediff.com,Female,2025-11-21T17:51:58Z
15,Aksel,abonnine@patch.com,Male,2025-08-11T10:11:17Z
16,Conan,cbredburyf@yahoo.com,Male,2025-08-01T11:36:38Z
17,Miguela,mlondsdaleg@ning.com,Female,2025-10-18T21:25:40Z
18,Roxy,rverrillsh@cyberchimps.com,Female,2025-10-22T13:53:59Z
19,Farly,fhurleyi@instagram.com,Male,2025-08-08T03:39:12Z
20,Dorian,dleetj@columbia.edu,Male,2025-09-01T22:28:10Z
21,Pearl,pofenk@usnews.com,Female,2025-09-13T08:40:21Z
22,Kristopher,ktrevethanl@wikispaces.com,Male,2025-10-17T21:27:12Z
23,Augie,agerhartzm@opensource.org,Male,2025-11-16T20:58:28Z
24,Zackariah,zbatecokn@ask.com,Male,2025-11-28T15:55:08Z
25,Ritchie,rsleightholmo@nationalgeographic.com,Agender,2025-09-26T03:46:43Z
26,Veriee,vbartoszewskip@state.gov,Agender,2025-11-17T15:57:45Z
27,Chaddie,ctalboyq@issuu.com,Male,2025-09-09T13:47:40Z
28,Kimbra,krugger@homestead.com,Female,2025-09-28T20:41:22Z
29,Tess,tnapoleons@nyu.edu,Genderfluid,2025-09-15T10:03:30Z
30,Mohammed,mmabbettt@vkontakte.ru,Male,2025-10-30T06:55:28Z
31,Marlena,mdrippu@sphinn.com,Female,2025-07-30T14:26:52Z
32,Corrie,cdandov@furl.net,Male,2025-08-16T20:49:12Z
33,Normie,ntaphousew@netvibes.com,Male,2025-08-24T12:01:06Z
34,Laurena,lirnysx@yellowbook.com,Female,2025-11-02T02:56:03Z
35,Gaspard,gslaviny@creativecommons.org,Male,2025-07-08T07:45:10Z
36,Gan,gsteetz@economist.com,Genderqueer,2025-10-27T10:16:42Z
37,Gino,gconvery10@mediafire.com,Male,2025-08-16T22:31:24Z
38,Alvina,afreake11@fotki.com,Female,2025-09-12T18:34:10Z
39,Franni,fvonhagt12@w3.org,Female,2025-09-30T10:14:53Z
40,Yvor,ylehrle13@unicef.org,Male,2025-10-15T09:46:20Z
41,Quintus,qkillingbeck14@godaddy.com,Male,2025-08-18T04:50:29Z
42,Devin,dsantacrole15@uol.com.br,Polygender,2025-11-25T20:17:00Z
43,Valera,vclementi16@princeton.edu,Agender,2025-10-27T20:23:07Z
44,Shirley,sprayer17@deliciousdays.com,Female,2025-09-20T02:33:32Z
45,Delilah,dhaddleton18@i2i.jp,Female,2025-10-29T22:04:09Z
46,Barr,bbaniard19@amazon.com,Male,2025-09-26T12:54:24Z
47,Poppy,pbarron1a@psu.edu,Female,2025-11-05T07:09:37Z
48,Annetta,aharome1b@pen.io,Female,2025-11-06T17:18:29Z
49,Torey,teastmond1c@chicagotribune.com,Non-binary,2025-08-08T02:19:02Z
50,Lanie,lchettoe1d@ycombinator.com,Male,2025-11-26T13:55:33Z
51,Mersey,mprestland1e@intel.com,Female,2025-07-27T10:08:12Z
52,Euell,emeriet1f@quantcast.com,Male,2025-07-28T06:18:04Z
53,Garrett,gfoulds1g@spotify.com,Male,2025-08-20T07:22:02Z
54,Leena,lcooksley1h@un.org,Female,2025-09-23T17:54:23Z
55,Angela,afinnick1i@1und1.de,Female,2025-08-23T02:12:02Z
56,Gayel,glatimer1j@discuz.net,Female,2025-09-06T07:00:06Z
57,Guillermo,gbrodbin1k@aboutads.info,Male,2025-09-07T13:22:10Z
58,Enrico,ebarge1l@mit.edu,Male,2025-08-28T17:56:36Z
59,Reena,rstroder1m@msn.com,Female,2025-10-11T04:24:11Z
60,Claudia,ctomasino1n@comsenz.com,Female,2025-11-14T12:52:31Z
61,Guinna,glowsely1o@jiathis.com,Female,2025-10-05T12:09:40Z
62,Alyss,agoldstone1p@squidoo.com,Female,2025-11-10T21:49:21Z
63,Edee,eviggers1q@seesaa.net,Agender,2025-10-17T21:57:45Z
64,Boot,bmcmanus1r@flavors.me,Male,2025-10-26T21:53:47Z
65,Devina,djarman1s@blogspot.com,Female,2025-07-08T22:34:32Z
66,Jeniffer,jcamoys1t@unicef.org,Non-binary,2025-09-13T07:50:25Z
67,Loria,lraffles1u@w3.org,Female,2025-09-28T14:37:46Z
68,Sondra,siverson1v@spiegel.de,Female,2025-11-24T23:13:29Z
69,Hendrika,hmochar1w@buzzfeed.com,Female,2025-07-24T08:28:57Z
70,Hieronymus,hbowcock1x@ucoz.com,Male,2025-11-11T15:56:46Z
71,Modesta,mwarboys1y@slashdot.org,Female,2025-07-28T10:30:37Z
72,Andeee,aottley1z@topsy.com,Female,2025-09-25T03:28:39Z
73,Franciskus,ftommasetti20@princeton.edu,Bigender,2025-07-17T17:46:30Z
74,Flo,fcopsey21@eepurl.com,Genderfluid,2025-11-18T18:26:57Z
75,Lotta,lwakerley22@feedburner.com,Genderqueer,2025-08-30T02:31:20Z
76,Audry,agiacomasso23@webnode.com,Female,2025-08-06T01:14:19Z
77,Adel,abatham24@nature.com,Female,2025-07-13T17:05:27Z
78,Drugi,dproschek25@columbia.edu,Male,2025-08-18T08:10:41Z
79,Lorna,lbointon26@spotify.com,Female,2025-07-23T23:07:18Z
80,Rosalind,rhurn27@dailymail.co.uk,Female,2025-09-07T06:06:38Z
81,Berk,bdicky28@blogger.com,Male,2025-10-04T07:24:53Z
82,Inglis,iranking29@edublogs.org,Genderfluid,2025-09-27T01:25:46Z
83,Fawne,fivanchov2a@cafepress.com,Female,2025-09-09T15:26:25Z
84,Kelley,kadriani2b@narod.ru,Female,2025-08-21T18:15:54Z
85,Raven,rbambrick2c@jiathis.com,Female,2025-07-06T19:47:29Z
86,Kalvin,kmacveigh2d@state.tx.us,Male,2025-09-03T15:50:03Z
87,Alonzo,adulwich2e@drupal.org,Male,2025-07-09T00:26:46Z
88,Dasie,dletson2f@freewebs.com,Female,2025-08-12T01:18:07Z
89,Madel,mcatlow2g@lycos.com,Female,2025-11-22T02:50:21Z
90,Erny,erotham2h@odnoklassniki.ru,Male,2025-08-12T12:30:58Z
91,Shepard,sbeccera2i@discuz.net,Male,2025-09-03T14:43:26Z
92,Meredeth,mizakson2j@google.com.au,Male,2025-07-11T20:46:33Z
93,Rhoda,rbagshawe2k@goo.gl,Female,2025-08-20T04:46:05Z
94,Lula,lloding2l@phoca.cz,Female,2025-09-10T09:26:51Z
95,Vinnie,vsleigh2m@vinaora.com,Female,2025-10-24T20:50:42Z
96,Fanni,freadett2n@prlog.org,Female,2025-08-14T08:51:34Z
97,Fidel,fbristoe2o@blogger.com,Male,2025-08-24T07:01:27Z
98,Kessiah,ktamas2p@vkontakte.ru,Female,2025-11-14T03:25:45Z
99,Bernadine,bjacomb2q@hao123.com,Female,2025-08-12T08:59:53Z
100,Daile,dkinman2r@goodreads.com,Female,2025-10-12T14:40:36Z
